INSERT INTO vegetables(id, name, calories, proteins, fats, carbohydrates)
VALUES ('042b7b20-7421-11ee-b962-0242ac120002', 'Tomato', 40.2, 3.2, 4.1, 2.2),
       ('042b7b20-7421-11ee-b962-0242ac120003', 'Cucumber', 15.0, 0.7, 0.2, 3.6),
       ('042b7b20-7421-11ee-b962-0242ac120004', 'Carrot', 41.0, 0.9, 0.2, 10.0),
       ('042b7b20-7421-11ee-b962-0242ac120005', 'Lettuce', 5.0, 0.5, 0.1, 1.0),
       ('042b7b20-7421-11ee-b962-0242ac120006', 'Bell Pepper', 31.0, 1.3, 0.3, 6.0),
       ('042b7b20-7421-11ee-b962-0242ac120007', 'Onion', 40.0, 1.1, 0.1, 9.3),
       ('042b7b20-7421-11ee-b962-0242ac120008', 'Cabbage', 40.0, 1.1, 0.1, 9.3);

INSERT INTO salads(id, name)
VALUES ('062b7b20-7421-11ee-b962-0242ac120001', 'Greek Salad'),
       ('062b7b20-7421-11ee-b962-0242ac120002', 'Caesar Salad'),
       ('062b7b20-7421-11ee-b962-0242ac120003', 'Cobb Salad'),
       ('062b7b20-7421-11ee-b962-0242ac120004', 'Bob Salad');

INSERT INTO salads_vegetables(salad_id, vegetable_id)
VALUES ('062b7b20-7421-11ee-b962-0242ac120001', '042b7b20-7421-11ee-b962-0242ac120002'),
       ('062b7b20-7421-11ee-b962-0242ac120001', '042b7b20-7421-11ee-b962-0242ac120003'),

       ('062b7b20-7421-11ee-b962-0242ac120002', '042b7b20-7421-11ee-b962-0242ac120003'),
       ('062b7b20-7421-11ee-b962-0242ac120002', '042b7b20-7421-11ee-b962-0242ac120004'),

       ('062b7b20-7421-11ee-b962-0242ac120003', '042b7b20-7421-11ee-b962-0242ac120004'),
       ('062b7b20-7421-11ee-b962-0242ac120003', '042b7b20-7421-11ee-b962-0242ac120006');